{
  "0": [
    [
      25.862068965517242,
      0.0,
      24.827586206896555
    ],
    [
      4.137931034482759,
      30.000000000000004,
      5.172413793103448
    ]
  ],
  "1": [
    [
      0.0,
      30.000000000000004,
      23.793103448275865
    ],
    [
      17.586206896551726,
      15.517241379310345,
      12.413793103448278
    ],
    [
      30.000000000000004,
      0.0,
      6.206896551724139
    ]
  ],
  "2": [
    [
      18.620689655172416,
      0.0,
      4.137931034482759
    ],
    [
      9.310344827586208,
      9.310344827586208,
      14.482758620689657
    ],
    [
      11.379310344827587,
      18.620689655172416,
      20.689655172413794
    ],
    [
      11.379310344827587,
      30.000000000000004,
      25.862068965517242
    ]
  ],
  "3": [
    [
      13.448275862068966,
      30.000000000000004,
      12.413793103448278
    ],
    [
      15.517241379310345,
      21.724137931034484,
      18.620689655172416
    ],
    [
      14.482758620689657,
      8.275862068965518,
      20.689655172413794
    ],
    [
      14.482758620689657,
      5.172413793103448,
      20.689655172413794
    ],
    [
      16.551724137931036,
      0.0,
      17.586206896551726
    ]
  ],
  "4": [
    [
      30.000000000000004,
      15.517241379310345,
      12.413793103448278
    ],
    [
      17.586206896551726,
      14.482758620689657,
      24.827586206896555
    ],
    [
      11.379310344827587,
      14.482758620689657,
      24.827586206896555
    ],
    [
      7.241379310344828,
      14.482758620689657,
      23.793103448275865
    ],
    [
      0.0,
      14.482758620689657,
      17.586206896551726
    ]
  ]
}