{
  "0": [
    [
      27.931034482758623,
      0.0,
      20.689655172413794
    ],
    [
      2.0689655172413794,
      30.000000000000004,
      9.310344827586208
    ]
  ],
  "1": [
    [
      30.000000000000004,
      25.862068965517242,
      5.172413793103448
    ],
    [
      15.517241379310345,
      17.586206896551726,
      19.655172413793103
    ],
    [
      0.0,
      4.137931034482759,
      24.827586206896555
    ]
  ],
  "2": [
    [
      18.620689655172416,
      8.275862068965518,
      0.0
    ],
    [
      15.517241379310345,
      19.655172413793103,
      11.379310344827587
    ],
    [
      13.448275862068966,
      21.724137931034484,
      14.482758620689657
    ],
    [
      12.413793103448278,
      21.724137931034484,
      16.551724137931036
    ],
    [
      11.379310344827587,
      21.724137931034484,
      30.000000000000004
    ]
  ],
  "3": [
    [
      5.172413793103448,
      0.0,
      12.413793103448278
    ],
    [
      16.551724137931036,
      11.379310344827587,
      21.724137931034484
    ],
    [
      20.689655172413794,
      15.517241379310345,
      21.724137931034484
    ],
    [
      24.827586206896555,
      30.000000000000004,
      17.586206896551726
    ]
  ],
  "4": [
    [
      15.517241379310345,
      14.482758620689657,
      30.000000000000004
    ],
    [
      16.551724137931036,
      22.758620689655174,
      21.724137931034484
    ],
    [
      16.551724137931036,
      22.758620689655174,
      18.620689655172416
    ],
    [
      18.620689655172416,
      23.793103448275865,
      16.551724137931036
    ],
    [
      18.620689655172416,
      23.793103448275865,
      8.275862068965518
    ],
    [
      14.482758620689657,
      15.517241379310345,
      0.0
    ]
  ]
}