{
  "0": [
    11.748979628737409,
    3.727246343630697,
    19.632167052743178
  ],
  "1": [
    16.404025084640004,
    1.3926080343658431,
    9.823566511965009
  ],
  "2": [
    9.30620881278324,
    13.182558457878642,
    17.849814594030562
  ],
  "3": [
    23.412556502296884,
    5.580419712695867,
    6.962017112322865
  ],
  "4": [
    29.045029102379644,
    20.936302273001946,
    10.885328388104995
  ],
  "5": [
    25.40740595981021,
    5.751009211541636,
    22.6694670809174
  ],
  "6": [
    24.69984840084382,
    2.129391955916505,
    23.416213035048646
  ],
  "7": [
    15.064867891843848,
    2.9470556822045824,
    23.455610642466944
  ],
  "8": [
    16.769716063441987,
    27.12887674928968,
    5.223113949139608
  ],
  "9": [
    24.12760253294985,
    5.271413484256833,
    6.67285372015574
  ],
  "10": [
    27.01132715104424,
    28.433000473370956,
    1.560595759093616
  ],
  "11": [
    15.314390813287241,
    8.621651374703621,
    21.36170451838301
  ],
  "12": [
    1.5717091679889261,
    13.127759309328063,
    7.509553566095654
  ],
  "13": [
    5.286116500446391,
    11.953076729610038,
    22.334981780674536
  ],
  "14": [
    19.83167474802454,
    27.588745454480595,
    23.14170414107554
  ],
  "15": [
    19.77795264141288,
    29.87611079001714,
    21.604071902874715
  ],
  "16": [
    5.0521267289047636,
    17.151455363542638,
    20.591859766492878
  ],
  "17": [
    16.020394778513225,
    11.381461708351278,
    0.23641361875524347
  ],
  "18": [
    3.919269804729333,
    14.727709870177963,
    13.055919434427421
  ],
  "19": [
    22.03966109290445,
    28.683948019844813,
    23.477923294017835
  ]
}