{
  "0": [
    [
      4.137931034482759,
      30.000000000000004,
      0.0
    ],
    [
      25.862068965517242,
      0.0,
      30.000000000000004
    ]
  ],
  "1": [
    [
      30.000000000000004,
      12.413793103448278,
      28.965517241379313
    ],
    [
      16.551724137931036,
      16.551724137931036,
      20.689655172413794
    ],
    [
      0.0,
      17.586206896551726,
      1.0344827586206897
    ]
  ],
  "2": [
    [
      30.000000000000004,
      2.0689655172413794,
      0.0
    ],
    [
      9.310344827586208,
      13.448275862068966,
      20.689655172413794
    ],
    [
      0.0,
      27.931034482758623,
      30.000000000000004
    ]
  ],
  "3": [
    [
      0.0,
      24.827586206896555,
      20.689655172413794
    ],
    [
      20.689655172413794,
      20.689655172413794,
      16.551724137931036
    ],
    [
      23.793103448275865,
      16.551724137931036,
      14.482758620689657
    ],
    [
      30.000000000000004,
      5.172413793103448,
      9.310344827586208
    ]
  ],
  "4": [
    [
      30.000000000000004,
      19.655172413793103,
      23.793103448275865
    ],
    [
      22.758620689655174,
      17.586206896551726,
      26.896551724137932
    ],
    [
      20.689655172413794,
      15.517241379310345,
      27.931034482758623
    ],
    [
      13.448275862068966,
      8.275862068965518,
      21.724137931034484
    ],
    [
      1.0344827586206897,
      9.310344827586208,
      7.241379310344828
    ],
    [
      0.0,
      10.344827586206897,
      6.206896551724139
    ]
  ]
}