{
  "0": [
    [
      11.379310344827587,
      17.586206896551726,
      0.0
    ],
    [
      18.620689655172416,
      12.413793103448278,
      30.000000000000004
    ]
  ],
  "1": [
    [
      0.0,
      11.379310344827587,
      10.344827586206897
    ],
    [
      14.482758620689657,
      17.586206896551726,
      18.620689655172416
    ],
    [
      30.000000000000004,
      18.620689655172416,
      19.655172413793103
    ]
  ],
  "2": [
    [
      5.172413793103448,
      21.724137931034484,
      0.0
    ],
    [
      7.241379310344828,
      15.517241379310345,
      7.241379310344828
    ],
    [
      13.448275862068966,
      9.310344827586208,
      13.448275862068966
    ],
    [
      24.827586206896555,
      8.275862068965518,
      30.000000000000004
    ]
  ],
  "3": [
    [
      14.482758620689657,
      0.0,
      4.137931034482759
    ],
    [
      20.689655172413794,
      10.344827586206897,
      12.413793103448278
    ],
    [
      20.689655172413794,
      20.689655172413794,
      14.482758620689657
    ],
    [
      15.517241379310345,
      30.000000000000004,
      25.862068965517242
    ]
  ],
  "4": [
    [
      0.0,
      2.0689655172413794,
      3.1034482758620694
    ],
    [
      5.172413793103448,
      7.241379310344828,
      15.517241379310345
    ],
    [
      12.413793103448278,
      14.482758620689657,
      22.758620689655174
    ],
    [
      12.413793103448278,
      16.551724137931036,
      22.758620689655174
    ],
    [
      30.000000000000004,
      27.931034482758623,
      26.896551724137932
    ]
  ]
}