{
  "0": [
    [
      0.0,
      24.827586206896555,
      20.689655172413794
    ],
    [
      30.000000000000004,
      5.172413793103448,
      9.310344827586208
    ]
  ],
  "1": [
    [
      19.655172413793103,
      30.000000000000004,
      4.137931034482759
    ],
    [
      17.586206896551726,
      15.517241379310345,
      18.620689655172416
    ],
    [
      10.344827586206897,
      0.0,
      25.862068965517242
    ]
  ],
  "2": [
    [
      26.896551724137932,
      0.0,
      16.551724137931036
    ],
    [
      13.448275862068966,
      8.275862068965518,
      11.379310344827587
    ],
    [
      12.413793103448278,
      10.344827586206897,
      10.344827586206897
    ],
    [
      3.1034482758620694,
      30.000000000000004,
      13.448275862068966
    ]
  ],
  "3": [
    [
      2.0689655172413794,
      25.862068965517242,
      30.000000000000004
    ],
    [
      20.689655172413794,
      22.758620689655174,
      18.620689655172416
    ],
    [
      25.862068965517242,
      16.551724137931036,
      12.413793103448278
    ],
    [
      27.931034482758623,
      11.379310344827587,
      7.241379310344828
    ],
    [
      27.931034482758623,
      4.137931034482759,
      0.0
    ]
  ],
  "4": [
    [
      16.551724137931036,
      3.1034482758620694,
      0.0
    ],
    [
      11.379310344827587,
      3.1034482758620694,
      12.413793103448278
    ],
    [
      10.344827586206897,
      4.137931034482759,
      14.482758620689657
    ],
    [
      10.344827586206897,
      18.620689655172416,
      25.862068965517242
    ],
    [
      13.448275862068966,
      26.896551724137932,
      30.000000000000004
    ]
  ]
}