{
  "0": [
    [
      5.172413793103448,
      0.0,
      28.965517241379313
    ],
    [
      24.827586206896555,
      30.000000000000004,
      1.0344827586206897
    ]
  ],
  "1": [
    [
      0.0,
      28.965517241379313,
      13.448275862068966
    ],
    [
      16.551724137931036,
      12.413793103448278,
      9.310344827586208
    ],
    [
      30.000000000000004,
      1.0344827586206897,
      16.551724137931036
    ]
  ],
  "2": [
    [
      5.172413793103448,
      17.586206896551726,
      0.0
    ],
    [
      6.206896551724139,
      15.517241379310345,
      10.344827586206897
    ],
    [
      6.206896551724139,
      15.517241379310345,
      13.448275862068966
    ],
    [
      17.586206896551726,
      15.517241379310345,
      24.827586206896555
    ],
    [
      24.827586206896555,
      12.413793103448278,
      30.000000000000004
    ]
  ],
  "3": [
    [
      5.172413793103448,
      30.000000000000004,
      3.1034482758620694
    ],
    [
      15.517241379310345,
      20.689655172413794,
      13.448275862068966
    ],
    [
      15.517241379310345,
      20.689655172413794,
      15.517241379310345
    ],
    [
      20.689655172413794,
      15.517241379310345,
      20.689655172413794
    ],
    [
      20.689655172413794,
      12.413793103448278,
      20.689655172413794
    ],
    [
      24.827586206896555,
      0.0,
      26.896551724137932
    ]
  ],
  "4": [
    [
      14.482758620689657,
      30.000000000000004,
      11.379310344827587
    ],
    [
      16.551724137931036,
      25.862068965517242,
      7.241379310344828
    ],
    [
      16.551724137931036,
      13.448275862068966,
      5.172413793103448
    ],
    [
      16.551724137931036,
      9.310344827586208,
      5.172413793103448
    ],
    [
      16.551724137931036,
      4.137931034482759,
      10.344827586206897
    ],
    [
      15.517241379310345,
      0.0,
      18.620689655172416
    ]
  ]
}