{
  "0": [
    [
      30.000000000000004,
      11.379310344827587,
      5.172413793103448
    ],
    [
      0.0,
      18.620689655172416,
      24.827586206896555
    ]
  ],
  "1": [
    [
      2.0689655172413794,
      3.1034482758620694,
      0.0
    ],
    [
      14.482758620689657,
      20.689655172413794,
      14.482758620689657
    ],
    [
      27.931034482758623,
      26.896551724137932,
      30.000000000000004
    ]
  ],
  "2": [
    [
      27.931034482758623,
      1.0344827586206897,
      0.0
    ],
    [
      15.517241379310345,
      13.448275862068966,
      22.758620689655174
    ],
    [
      3.1034482758620694,
      25.862068965517242,
      28.965517241379313
    ],
    [
      2.0689655172413794,
      28.965517241379313,
      30.000000000000004
    ]
  ],
  "3": [
    [
      14.482758620689657,
      30.000000000000004,
      11.379310344827587
    ],
    [
      9.310344827586208,
      22.758620689655174,
      14.482758620689657
    ],
    [
      9.310344827586208,
      11.379310344827587,
      14.482758620689657
    ],
    [
      15.517241379310345,
      0.0,
      18.620689655172416
    ]
  ],
  "4": [
    [
      12.413793103448278,
      0.0,
      11.379310344827587
    ],
    [
      14.482758620689657,
      9.310344827586208,
      5.172413793103448
    ],
    [
      14.482758620689657,
      15.517241379310345,
      5.172413793103448
    ],
    [
      18.620689655172416,
      24.827586206896555,
      12.413793103448278
    ],
    [
      17.586206896551726,
      30.000000000000004,
      18.620689655172416
    ]
  ]
}