{
  "0": [
    [
      7.241379310344828,
      23.793103448275865,
      0.0
    ],
    [
      22.758620689655174,
      6.206896551724139,
      30.000000000000004
    ]
  ],
  "1": [
    [
      17.586206896551726,
      27.931034482758623,
      30.000000000000004
    ],
    [
      12.413793103448278,
      12.413793103448278,
      15.517241379310345
    ],
    [
      12.413793103448278,
      2.0689655172413794,
      0.0
    ]
  ],
  "2": [
    [
      0.0,
      4.137931034482759,
      1.0344827586206897
    ],
    [
      12.413793103448278,
      19.655172413793103,
      14.482758620689657
    ],
    [
      15.517241379310345,
      20.689655172413794,
      15.517241379310345
    ],
    [
      30.000000000000004,
      25.862068965517242,
      28.965517241379313
    ]
  ],
  "3": [
    [
      0.0,
      12.413793103448278,
      28.965517241379313
    ],
    [
      15.517241379310345,
      7.241379310344828,
      17.586206896551726
    ],
    [
      19.655172413793103,
      9.310344827586208,
      11.379310344827587
    ],
    [
      30.000000000000004,
      17.586206896551726,
      1.0344827586206897
    ]
  ],
  "4": [
    [
      9.310344827586208,
      14.482758620689657,
      30.000000000000004
    ],
    [
      18.620689655172416,
      15.517241379310345,
      22.758620689655174
    ],
    [
      20.689655172413794,
      16.551724137931036,
      20.689655172413794
    ],
    [
      21.724137931034484,
      16.551724137931036,
      18.620689655172416
    ],
    [
      20.689655172413794,
      17.586206896551726,
      4.137931034482759
    ],
    [
      20.689655172413794,
      15.517241379310345,
      0.0
    ]
  ]
}